protein	description
CON__O43790	 Keratin, type II cuticular Hb6 [Homo sapiens]
CON__O76009	Keratin, type I cuticular Ha3-I
CON__O76011	 Keratin, type I cuticular Ha4 [Homo sapiens]
CON__O95678	 Keratin, type II cytoskeletal 75
CON__P00761	Trypsin [Sus scrofa]
CON__P02533	 Keratin, type I cytoskeletal 14 [Homo sapiens]
CON__P02538	 Keratin, type II cytoskeletal 6A [Homo sapiens]
CON__P04259	 Keratin, type II cytoskeletal 6B
CON__P04264	Keratin, type II cytoskeletal 1
CON__P07477	Trypsin-1 [Homo sapiens]
CON__P08729	 Keratin, type II cytoskeletal 7
CON__P08779	Keratin, type I cytoskeletal 16
CON__P09870	Clostripain [Clostridium histolyticum (Hathewaya histolytica)]
CON__P12035	 Keratin, type II cytoskeletal 3
CON__P13645	Keratin, type I cytoskeletal 10 [Homo sapiens]
CON__P13647	 Keratin, type II cytoskeletal 6B
CON__P19013	 Keratin, type II cytoskeletal 4
CON__P35908	Keratin, type II cytoskeletal 2 epidermal
CON__P48668	Keratin, type II cytoskeletal 6C
CON__P60413	Keratin-associated protein 10-12 [Homo sapiens]
CON__P78385	 Keratin, type II cuticular Hb3
CON__P78386	 Keratin, type II cuticular Hb5
CON__Q01546	 Keratin, type II cytoskeletal 2 oral
CON__Q14525	 Keratin, type I cuticular Ha3-II
CON__Q14533	Keratin, type II cuticular Hb1
CON__Q15323	 Keratin, type I cuticular Ha1 [Homo sapiens]
CON__Q3KNV1	 Submitted name: KRT7 protein
CON__Q3LI72	Keratin-associated protein 19-5 [Homo sapiens]
CON__Q497I4	 Keratin, type I cuticular Ha5
CON__Q5XKE5	Keratin, type II cytoskeletal 79
CON__Q61782	 Submitted name: Type I epidermal keratin mRNA, 3'end [Mus musculus]
CON__Q6IFU5	 Keratin, type I cytoskeletal 40
CON__Q6NT21	 Keratin, type II cuticular Hb3
CON__Q6NTB9	 Keratin, type I cuticular Ha3-I
CON__Q7RTS7	 Keratin, type II cytoskeletal 74
CON__Q8IUT8	 Keratin, type I cuticular Ha4
CON__Q92764	 Keratin, type I cuticular Ha5 [Homo sapiens]
CON__Q9BYQ5	Keratin-associated protein 4-6 [Homo sapiens]
CON__Q9BYQ8	Keratin-associated protein 4-9 [Homo sapiens]
CON__Q9BYR4	Keratin-associated protein 4-3
CON__Q9BYR8	Keratin-associated protein 3-1 [Homo sapiens]
CON__Q9BYR9	Keratin-associated protein 2-4 [Homo sapiens]
CON__Q9H552	 (obsolete entry)
CON__Q9NSB4	Keratin, type II cuticular Hb2 [Homo sapiens]
CON__Q9UE12	 Keratin, type I cuticular Ha1
WP_003013731	preprotein translocase subunit SecB [Francisella tularensis]
WP_003013860	hypothetical protein [Francisella tularensis]
WP_003013909	hypoxanthine phosphoribosyltransferase [Francisella tularensis]
WP_003014068	MULTISPECIES: ferredoxin [Francisella]
WP_003014122	hypothetical protein [Francisella tularensis]
WP_003014123	zinc-finger domain-containing protein [Francisella tularensis]
WP_003014302	ribosome-recycling factor [Francisella tularensis]
WP_003014346	MULTISPECIES: 50S ribosomal protein L14 [Francisella]
WP_003014349	50S ribosomal protein L24 [Francisella tularensis]
WP_003014352	MULTISPECIES: 50S ribosomal protein L5 [Francisella]
WP_003014363	MULTISPECIES: 50S ribosomal protein L30 [Francisella]
WP_003014373	30S ribosomal protein S13 [Francisella tularensis]
WP_003014378	MULTISPECIES: 30S ribosomal protein S4 [Francisella]
WP_003014382	50S ribosomal protein L17 [Francisella tularensis]
WP_003014552	MULTISPECIES: hypothetical protein [Francisella]
WP_003014561	lemA-like protein [Francisella tularensis]
WP_003014581	peptide-methionine (R)-S-oxide reductase [Francisella tularensis]
WP_003014682	membrane protein [Francisella tularensis]
WP_003014689	lipoprotein [Francisella tularensis]
WP_003014807	outer membrane lipid asymmetry maintenance protein MlaD [Francisella tularensis]
WP_003014812	MULTISPECIES: cell division topological specificity factor [Francisella]
WP_003014814	MULTISPECIES: septum site-determining protein MinD [Francisella]
WP_003014820	MULTISPECIES: 50S ribosomal protein L33 [Francisella]
WP_003014822	50S ribosomal protein L28 [Francisella tularensis]
WP_003014877	beta-hydroxyacyl-ACP dehydratase [Francisella tularensis]
WP_003014894	polyphosphate kinase 2 [Francisella tularensis]
WP_003014901	non-canonical purine NTP pyrophosphatase [Francisella tularensis]
WP_003014930	hypothetical protein [Francisella tularensis]
WP_003015002	MULTISPECIES: transcription termination factor Rho [Francisella]
WP_003015034	tRNA (guanosine(46)-N7)-methyltransferase TrmB [Francisella tularensis]
WP_003015040	Zn-dependent hydrolase [Francisella tularensis]
WP_003015139	MULTISPECIES: ABC transporter ATP-binding protein [Francisella]
WP_003015159	hypothetical protein [Francisella tularensis]
WP_003015169	outer membrane protein assembly factor BamD [Francisella tularensis]
WP_003015278	hypothetical protein [Francisella tularensis]
WP_003015446	preprotein translocase subunit YajC [Francisella tularensis]
WP_003015471	ribonuclease H [Francisella tularensis]
WP_003015509	polyphenol oxidase [Francisella tularensis]
WP_003015534	ATP-dependent Clp protease proteolytic subunit [Francisella tularensis]
WP_003015556	acetolactate synthase isozyme 1 small subunit [Francisella tularensis]
WP_003015654	RNA-binding protein Hfq [Francisella tularensis]
WP_003015672	GTP-binding protein [Francisella tularensis]
WP_003015717	ArsR family transcriptional regulator [Francisella tularensis]
WP_003015739	ribose-phosphate pyrophosphokinase [Francisella tularensis]
WP_003015772	ATP-dependent protease subunit HslV [Francisella tularensis]
WP_003015897	30S ribosomal protein S6 [Francisella tularensis]
WP_003015976	lipoate regulatory protein YbeD [Francisella tularensis]
WP_003016007	Holliday junction DNA helicase RuvB [Francisella tularensis]
WP_003016046	hypothetical protein [Francisella tularensis]
WP_003016111	inositol monophosphatase [Francisella tularensis]
WP_003016117	beta-ketoacyl-[acyl-carrier-protein] synthase II [Francisella tularensis]
WP_003016126	malonyl CoA-acyl carrier protein transacylase [Francisella tularensis]
WP_003016128	3-oxoacyl-ACP synthase [Francisella tularensis]
WP_003016134	50S ribosomal protein L32 [Francisella tularensis]
WP_003016165	hypothetical protein [Francisella tularensis]
WP_003016231	cystathionine beta-synthase [Francisella tularensis]
WP_003016239	hypothetical protein [Francisella tularensis]
WP_003016252	MULTISPECIES: 50S ribosomal protein L13 [Francisella]
WP_003016296	MULTISPECIES: deoxycytidine triphosphate deaminase [Francisella]
WP_003016377	hypothetical protein [Francisella tularensis]
WP_003016458	hypothetical protein [Francisella tularensis]
WP_003016495	nucleoside-diphosphate kinase [Francisella tularensis]
WP_003016535	phosphopantetheine adenylyltransferase [Francisella tularensis]
WP_003016538	heme biosynthesis protein HemY [Francisella tularensis]
WP_003016618	glutathione peroxidase [Francisella tularensis]
WP_003016659	hypothetical protein [Francisella tularensis]
WP_003016697	pyrimidine 5'-nucleotidase [Francisella tularensis]
WP_003016724	ribulose-phosphate 3-epimerase [Francisella tularensis]
WP_003016753	50S ribosomal protein L21 [Francisella tularensis]
WP_003016773	transcription elongation factor GreA [Francisella tularensis]
WP_003016775	type IV pili fiber building block protein [Francisella tularensis]
WP_003016791	16S rRNA (guanine(966)-N(2))-methyltransferase RsmD [Francisella tularensis]
WP_003016871	uridine kinase [Francisella tularensis]
WP_003016875	iron-sulfur cluster insertion protein ErpA [Francisella tularensis]
WP_003016899	pyridoxal 5'-phosphate synthase subunit PdxS [Francisella tularensis]
WP_003016952	AI-2E family transporter [Francisella tularensis]
WP_003017112	dihydrofolate synthase [Francisella tularensis]
WP_003017136	ribosomal protein L3 N(5)-glutamine methyltransferase [Francisella tularensis]
WP_003017219	S-adenosylmethionine synthase [Francisella tularensis]
WP_003017327	monothiol glutaredoxin, Grx4 family [Francisella tularensis]
WP_003017341	ATP synthase subunit delta [Francisella tularensis]
WP_003017378	NADH-quinone oxidoreductase subunit H [Francisella tularensis]
WP_003017394	MULTISPECIES: NADH-quinone oxidoreductase subunit B [Francisella]
WP_003017431	protein-L-isoaspartate O-methyltransferase [Francisella tularensis]
WP_003017457	3-isopropylmalate dehydratase small subunit [Francisella tularensis]
WP_003017470	membrane protein [Francisella tularensis]
WP_003017534	molecular chaperone Hsp20 [Francisella tularensis]
WP_003017606	DnaA initiator-associating protein DiaA [Francisella tularensis]
WP_003017665	membrane protein [Francisella tularensis]
WP_003017689	deoxyuridine 5'-triphosphate nucleotidohydrolase [Francisella tularensis]
WP_003017693	elongation factor Ts [Francisella tularensis]
WP_003017801	MULTISPECIES: 50S ribosomal protein L29 [Francisella]
WP_003017803	30S ribosomal protein S17 [Francisella tularensis]
WP_003017865	chromosome partitioning protein ParA [Francisella tularensis]
WP_003017885	UDP-N-acetylenolpyruvoylglucosamine reductase [Francisella tularensis]
WP_003017929	MULTISPECIES: hypothetical protein [Francisella]
WP_003017957	MULTISPECIES: cold-shock protein [Francisella]
WP_003017997	lipoprotein ABC transporter ATP-binding protein LolD [Francisella tularensis]
WP_003018004	glycine cleavage system protein H [Francisella tularensis]
WP_003018080	membrane protein [Francisella tularensis]
WP_003018097	DNA-binding response regulator [Francisella tularensis]
WP_003018147	MULTISPECIES: thiol reductase thioredoxin [Francisella]
WP_003018210	MULTISPECIES: hypothetical protein [Francisella]
WP_003018337	acetyl-CoA carboxylase carboxyltransferase subunit alpha [Francisella tularensis]
WP_003018370	Tol-Pal system subunit TolQ [Francisella tularensis]
WP_003018461	ABC transporter ATP-binding protein [Francisella tularensis]
WP_003018498	hypothetical protein [Francisella tularensis]
WP_003018506	membrane protein [Francisella tularensis]
WP_003018613	adenylate kinase [Francisella tularensis]
WP_003018618	type IV pili associated protein [Francisella tularensis]
WP_003018629	shikimate kinase [Francisella tularensis]
WP_003018671	glycerol-3-phosphate acyltransferase [Francisella tularensis]
WP_003018704	hypothetical protein [Francisella tularensis]
WP_003018791	HflK protein [Francisella tularensis]
WP_003018795	protease modulator HflC [Francisella tularensis]
WP_003018803	BAX inhibitor protein [Francisella tularensis]
WP_003018819	lipoyl synthase [Francisella tularensis]
WP_003018840	50S ribosomal protein L25 [Francisella tularensis]
WP_003018894	glutaredoxin [Francisella tularensis]
WP_003019199	Trk system potassium transport protein TrkA [Francisella tularensis]
WP_003019355	thiamine pyrophosphokinase [Francisella tularensis]
WP_003019409	MULTISPECIES: DNA-directed RNA polymerase subunit omega [Francisella]
WP_003019565	hypothetical protein [Francisella tularensis]
WP_003019684	ATP synthase subunit gamma [Francisella tularensis]
WP_003019697	23S rRNA pseudouridine(955/2504/2580) synthase [Francisella tularensis]
WP_003019758	ATP synthase subunit B [Francisella tularensis]
WP_003019771	ATP synthase epsilon chain [Francisella tularensis]
WP_003019781	succinate dehydrogenase, cytochrome b556 subunit [Francisella tularensis]
WP_003019788	succinate dehydrogenase flavoprotein subunit [Francisella tularensis]
WP_003019812	peroxidase [Francisella tularensis]
WP_003020026	CTP synthetase [Francisella tularensis]
WP_003020229	glycosyl transferase family 2 [Francisella tularensis]
WP_003020335	MULTISPECIES: succinate--CoA ligase subunit alpha [Francisella]
WP_003020494	cell division protein FtsL [Francisella tularensis]
WP_003020516	cell division protein FtsB [Francisella tularensis]
WP_003020646	50S ribosomal protein L27 [Francisella tularensis]
WP_003020808	peptidoglycan-associated lipoprotein [Francisella tularensis]
WP_003020861	chorismate synthase [Francisella tularensis]
WP_003020889	phosphoribosylformylglycinamidine cyclo-ligase [Francisella tularensis]
WP_003020909	hypothetical protein [Francisella tularensis]
WP_003021049	ABC transporter ATP-binding protein [Francisella tularensis]
WP_003021066	hypothetical protein [Francisella tularensis]
WP_003021081	sodium:proton antiporter [Francisella tularensis]
WP_003021125	MULTISPECIES: ABC transporter ATP-binding protein [Francisella]
WP_003021127	hypothetical protein [Francisella tularensis]
WP_003021175	MULTISPECIES: 23S rRNA pseudouridylate synthase B [Francisella]
WP_003021184	MULTISPECIES: 30S ribosomal protein S18 [Francisella]
WP_003021312	Mur ligase [Francisella tularensis]
WP_003021424	ubiquinone-binding protein [Francisella tularensis]
WP_003021583	MULTISPECIES: 30S ribosomal protein S11 [Francisella]
WP_003021588	30S ribosomal protein S5 [Francisella tularensis]
WP_003021600	50S ribosomal protein L4 [Francisella tularensis]
WP_003021606	30S ribosomal protein S7 [Francisella tularensis]
WP_003021609	phosphatidate cytidylyltransferase [Francisella tularensis]
WP_003021612	UMP kinase [Francisella tularensis]
WP_003021682	cytochrome o ubiquinol oxidase subunit IV [Francisella tularensis]
WP_003021745	branched-chain amino acid aminotransferase [Francisella tularensis]
WP_003021790	acyltransferase [Francisella tularensis]
WP_003021830	bifunctional phosphoribosylaminoimidazolecarboxamide formyltransferase/inosine monophosphate cyclohydrolase [Francisella tularensis]
WP_003021949	stringent starvation protein B [Francisella tularensis]
WP_003021998	hypothetical protein [Francisella tularensis]
WP_003022001	glucokinase [Francisella tularensis]
WP_003022051	IMP dehydrogenase [Francisella tularensis]
WP_003022063	tRNA-(ms[2]io[6]A)-hydroxylase [Francisella tularensis]
WP_003022238	MULTISPECIES: hypothetical protein [Francisella]
WP_003022248	sulfurtransferase [Francisella tularensis]
WP_003022260	ABC transporter ATP-binding protein [Francisella tularensis]
WP_003022320	peptidyl-prolyl cis-trans isomerase [Francisella tularensis]
WP_003022431	DNA-binding response regulator [Francisella tularensis]
WP_003022463	3-deoxy-D-manno-octulosonic acid transferase [Francisella tularensis]
WP_003022536	BolA family transcriptional regulator [Francisella tularensis]
WP_003022558	fructose 1,6-bisphosphatase [Francisella tularensis]
WP_003022662	molecular chaperone GroES [Francisella tularensis]
WP_003022867	hypothetical protein [Francisella tularensis]
WP_003022891	MULTISPECIES: NADH:ubiquinone oxidoreductase subunit A [Francisella]
WP_003022912	NADH:ubiquinone oxidoreductase subunit M [Francisella tularensis]
WP_003023073	50S ribosomal protein L10 [Francisella tularensis]
WP_003023081	MULTISPECIES: 30S ribosomal protein S16 [Francisella]
WP_003023263	oxidative stress transcriptional regulator [Francisella tularensis]
WP_003023265	peroxiredoxin [Francisella tularensis]
WP_003023340	hypothetical protein [Francisella tularensis]
WP_003023392	tRNA (N6-isopentenyl adenosine(37)-C2)-methylthiotransferase MiaB [Francisella tularensis]
WP_003023546	MULTISPECIES: translation initiation factor IF-3 [Francisella]
WP_003024353	ribonuclease G [Francisella tularensis]
WP_003024407	1-acyl-sn-glycerol-3-phosphate acyltransferase [Francisella tularensis]
WP_003024580	ribosome maturation factor [Francisella tularensis]
WP_003024743	nucleoside permease [Francisella tularensis]
WP_003024794	elongation factor Tu [Francisella tularensis]
WP_003024803	50S ribosomal protein L11 [Francisella tularensis]
WP_003024808	MULTISPECIES: 50S ribosomal protein L7/L12 [Francisellaceae]
WP_003024816	fatty acid desaturase [Francisella tularensis]
WP_003025094	S26 family signal peptidase [Francisella tularensis]
WP_003025263	bacterioferritin [Francisella tularensis]
WP_003025265	DNA-directed RNA polymerase subunit alpha 2 [Francisella tularensis]
WP_003025316	hypothetical protein [Francisella tularensis]
WP_003025404	MULTISPECIES: acyl carrier protein [Francisella]
WP_003025408	type I glyceraldehyde-3-phosphate dehydrogenase [Francisella tularensis]
WP_003025459	30S ribosomal protein S9 [Francisella tularensis]
WP_003025725	mammalian cell entry protein [Francisella tularensis]
WP_003025739	hypothetical protein [Francisella tularensis]
WP_003025777	thymidylate synthase [Francisella tularensis]
WP_003025780	prolipoprotein diacylglyceryl transferase [Francisella tularensis]
WP_003025860	threonylcarbamoyl-AMP synthase [Francisella tularensis]
WP_003025872	FMN reductase [Francisella tularensis]
WP_003026016	biotin synthase [Francisella tularensis]
WP_003026086	inorganic pyrophosphatase [Francisella tularensis]
WP_003026091	MULTISPECIES: aspartyl-tRNA amidotransferase subunit B [Francisella]
WP_003026207	NAD(P)(+) transhydrogenase [Francisella tularensis]
WP_003026214	peptidyl-tRNA hydrolase [Francisella tularensis]
WP_003026287	endopeptidase La [Francisella tularensis]
WP_003026299	DNA-binding protein [Francisella tularensis]
WP_003026380	hypothetical protein [Francisella tularensis]
WP_003026382	hypothetical protein [Francisella tularensis]
WP_003026450	RnfH family protein [Francisella tularensis]
WP_003026577	hypothetical protein [Francisella tularensis]
WP_003026826	uracil phosphoribosyltransferase [Francisella tularensis]
WP_003026930	tRNA (uridine(34)/cytosine(34)/5-carboxymethylaminomethyluridine(34)-2'-O)-methyltransferase TrmL [Francisella tularensis]
WP_003026946	Fe(2+)-trafficking protein [Francisella tularensis]
WP_003027088	type I methionyl aminopeptidase [Francisella tularensis]
WP_003027135	acetyl-CoA carboxylase subunit beta [Francisella tularensis]
WP_003027191	MULTISPECIES: 50S ribosomal protein L16 [Francisella]
WP_003027193	50S ribosomal protein L22 [Francisella tularensis]
WP_003027195	MULTISPECIES: 30S ribosomal protein S19 [Francisella]
WP_003027197	50S ribosomal protein L2 [Francisella tularensis]
WP_003027200	50S ribosomal protein L23 [Francisella tularensis]
WP_003027202	50S ribosomal protein L3 [Francisella tularensis]
WP_003027204	30S ribosomal protein S10 [Francisella tularensis]
WP_003028608	adenine phosphoribosyltransferase [Francisella tularensis]
WP_003028678	50S ribosomal protein L1 [Francisella tularensis]
WP_003029937	membrane protein [Francisella tularensis]
WP_003032557	prolyl aminopeptidase [Francisella tularensis]
WP_003032578	EEP domain-containing protein [Francisella tularensis]
WP_003032596	hypothetical protein [Francisella tularensis]
WP_003032608	glutamine amidotransferase [Francisella tularensis]
WP_003032611	DNA polymerase III subunit beta [Francisella tularensis]
WP_003032666	orotidine-5'-phosphate decarboxylase [Francisella tularensis] (removed)
WP_003032672	D-tyrosyl-tRNA(Tyr) deacylase [Francisella tularensis]
WP_003032698	elongation factor P [Francisella tularensis]
WP_003032700	type IV pili fiber building block protein [Francisella tularensis]
WP_003032709	ribonuclease P protein component [Francisella tularensis]
WP_003032711	hypothetical protein [Francisella tularensis]
WP_003032740	NADH dehydrogenase [Francisella tularensis]
WP_003032762	elongation factor 4 [Francisella tularensis]
WP_003032777	hypothetical protein [Francisella tularensis]
WP_003032778	multidrug transporter [Francisella tularensis]
WP_003032780	sulfurtransferase [Francisella tularensis]
WP_003032781	DNA recombination/repair protein RecA [Francisella tularensis]
WP_003032783	single-stranded DNA-binding protein [Francisella tularensis]
WP_003032804	nitrate ABC transporter ATP-binding protein [Francisella tularensis]
WP_003032819	YggT family protein [Francisella tularensis]
WP_003032835	hypothetical protein [Francisella tularensis]
WP_003032840	30S ribosomal protein S1 [Francisella tularensis]
WP_003032868	glutaminase [Francisella tularensis]
WP_003032885	30S ribosomal protein S14 [Francisella tularensis]
WP_003032887	50S ribosomal protein L6 [Francisella tularensis]
WP_003032890	50S ribosomal protein L18 [Francisella tularensis]
WP_003032892	MULTISPECIES: 50S ribosomal protein L15 [Francisella]
WP_003032894	DNA-directed RNA polymerase subunit alpha [Francisella tularensis]
WP_003032915	protease [Francisella tularensis] (suppressed)
WP_003032934	phosphatase PAP2 family protein [Francisella tularensis]
WP_003032959	membrane protein [Francisella tularensis]
WP_003032990	septum site-determining protein MinC [Francisella tularensis]
WP_003032993	hypothetical protein [Francisella tularensis]
WP_003032999	DNA mismatch repair protein MutT [Francisella tularensis] (removed)
WP_003033018	peptidyl-prolyl cis-trans isomerase [Francisella tularensis]
WP_003033045	LysR family transcriptional regulator [Francisella tularensis]
WP_003033046	hypothetical protein [Francisella tularensis]
WP_003033080	cation transporter [Francisella tularensis]
WP_003033116	hypothetical protein [Francisella tularensis]
WP_003033129	chromosome partitioning protein ParB [Francisella tularensis]
WP_003033135	hypothetical protein [Francisella tularensis]
WP_003033154	hypothetical protein [Francisella tularensis]
WP_003033158	HlyD family secretion protein [Francisella tularensis]
WP_003033196	phosphatidylserine decarboxylase proenzyme [Francisella tularensis]
WP_003033202	30S ribosomal protein S21 [Francisella tularensis]
WP_003033215	hypothetical protein [Francisella tularensis]
WP_003033319	RNA-binding protein [Francisella tularensis]
WP_003033328	arginine--tRNA ligase [Francisella tularensis]
WP_003033335	bis(5'-nucleosyl)-tetraphosphatase (symmetrical) [Francisella tularensis]
WP_003033337	acetyl-CoA carboxylase, biotin carboxyl carrier protein [Francisella tularensis]
WP_003033338	MULTISPECIES: acetyl-CoA carboxylase biotin carboxylase subunit [Francisella]
WP_003033343	amino acid transporter [Francisella tularensis]
WP_003033344	polyamine ABC transporter substrate-binding protein [Francisella tularensis]
WP_003033346	ribosome small subunit-dependent GTPase A [Francisella tularensis]
WP_003033347	hypothetical protein [Francisella tularensis]
WP_003033367	succinyl-CoA ligase subunit beta [Francisella tularensis]
WP_003033373	hypothetical protein [Francisella tularensis]
WP_003033374	DNA gyrase subunit B [Francisella tularensis]
WP_003033385	cell division protein [Francisella tularensis]
WP_003033386	30S ribosomal protein S15 [Francisella tularensis]
WP_003033387	polyribonucleotide nucleotidyltransferase [Francisella tularensis]
WP_003033415	dehydrogenase [Francisella tularensis]
WP_003033422	MFS transporter [Francisella tularensis]
WP_003033478	purine-nucleoside phosphorylase [Francisella tularensis]
WP_003033484	protein translocase subunit SecA [Francisella tularensis]
WP_003033493	3-deoxy-manno-octulosonate cytidylyltransferase [Francisella tularensis]
WP_003033506	guanylate kinase [Francisella tularensis]
WP_003033554	MULTISPECIES: cold-shock protein [Francisella]
WP_003033562	UTP--glucose-1-phosphate uridylyltransferase [Francisella tularensis]
WP_003033564	acetyl-coenzyme A synthetase [Francisella tularensis]
WP_003033605	subtype II CRISPR-associated endonuclease Cas1 [Francisella tularensis]
WP_003033621	peptide methionine sulfoxide reductase [Francisella tularensis]
WP_003033624	phage infection protein, partial [Francisella tularensis]
WP_003033643	isochorismatase [Francisella tularensis]
WP_003033690	diguanylate cyclase [Francisella tularensis]
WP_003033719	NADPH quinone reductase MdaB [Francisella tularensis]
WP_003033724	phospho-2-dehydro-3-deoxyheptonate aldolase [Francisella tularensis]
WP_003033733	MULTISPECIES: translation initiation factor IF-1 [Francisellaceae]
WP_003033745	SUF system Fe-S cluster assembly regulator [Francisella tularensis]
WP_003033749	Fe-S cluster assembly protein SufB [Francisella tularensis]
WP_003033752	Fe-S cluster assembly protein SufD [Francisella tularensis]
WP_003033755	amidinotransferase [Francisella tularensis]
WP_003033757	hypothetical protein [Francisella tularensis]
WP_003033759	thiol reductase thioredoxin [Francisella tularensis]
WP_003033783	tRNA pseudouridine(38-40) synthase TruA [Francisella tularensis]
WP_003033794	short-chain dehydrogenase [Francisella tularensis]
WP_003033798	transcriptional regulator [Francisella tularensis]
WP_003033846	MULTISPECIES: 30S ribosomal protein S21 [Francisella]
WP_003033849	hypothetical protein [Francisella tularensis]
WP_003033853	peptidyl-prolyl cis-trans isomerase [Francisella tularensis]
WP_003033885	hypothetical protein [Francisella tularensis]
WP_003033905	bifunctional tRNA (adenosine(37)-C2)-methyltransferase TrmG/ribosomal RNA large subunit methyltransferase RlmN [Francisella tularensis]
WP_003033940	dehydrogenase [Francisella tularensis]
WP_003033944	peptidase M20 [Francisella tularensis]
WP_003033959	peroxidase [Francisella tularensis]
WP_003033964	tRNA threonylcarbamoyladenosine dehydratase [Francisella tularensis]
WP_003033974	ribonucleotide-diphosphate reductase subunit alpha [Francisella tularensis]
WP_003033975	ribonucleoside-diphosphate reductase subunit beta [Francisella tularensis]
WP_003033977	dimethyladenosine transferase [Francisella tularensis]
WP_003034013	thiol:disulfide interchange protein [Francisella tularensis]
WP_003034027	DNA-binding protein [Francisella tularensis]
WP_003034079	ferritin [Francisella tularensis]
WP_003034100	ketol-acid reductoisomerase [Francisella tularensis]
WP_003034103	acetolactate synthase, large subunit, biosynthetic type [Francisella tularensis]
WP_003034109	threonine synthase [Francisella tularensis]
WP_003034128	transcriptional regulator [Francisella tularensis]
WP_003034136	haloacid dehalogenase [Francisella tularensis]
WP_003034158	hypothetical protein [Francisella tularensis]
WP_003034189	RNA polymerase factor sigma-32 [Francisella tularensis]
WP_003034218	2-C-methyl-D-erythritol 2,4-cyclodiphosphate synthase [Francisella tularensis]
WP_003034246	MULTISPECIES: hypothetical protein [Francisella]
WP_003034256	type IV pili glycosylation protein [Francisella tularensis]
WP_003034258	hypothetical protein [Francisella tularensis]
WP_003034273	hypothetical protein [Francisella tularensis]
WP_003034277	GTP-binding protein [Francisella tularensis]
WP_003034294	peptidase M20 [Francisella tularensis]
WP_003034298	hypothetical protein [Francisella tularensis] (suppressed)
WP_003034321	hypothetical protein [Francisella tularensis]
WP_003034330	MULTISPECIES: 50S ribosomal protein L35 [Francisella]
WP_003034338	YbaB/EbfC family nucleoid-associated protein [Francisella tularensis]
WP_003034340	recombination protein RecR [Francisella tularensis]
WP_003034347	cyanophycinase [Francisella tularensis]
WP_003034368	UDP-glucose 4-epimerase [Francisella tularensis]
WP_003034371	enoyl-ACP reductase [Francisella tularensis]
WP_003034372	Rossman fold protein, TIGR00730 family [Francisella tularensis]
WP_003034373	hypothetical protein [Francisella tularensis]
WP_003034374	lactoylglutathione lyase [Francisella tularensis]
WP_003034387	5-formyltetrahydrofolate cyclo-ligase [Francisella tularensis]
WP_003034389	hypothetical protein [Francisella tularensis]
WP_003034398	D-3-phosphoglycerate dehydrogenase [Francisella tularensis]
WP_003034402	MFS transporter [Francisella tularensis] (removed)
WP_003034424	ABC transporter permease [Francisella tularensis]
WP_003034440	hemolysin secretion protein D [Francisella tularensis]
WP_003034442	transporter [Francisella tularensis]
WP_003034447	flavodoxin [Francisella tularensis]
WP_003034459	protoporphyrinogen oxidase [Francisella tularensis]
WP_003034461	hypothetical protein [Francisella tularensis] (removed)
WP_003034470	MULTISPECIES: ribosomal subunit interface protein [Francisella]
WP_003034542	fructose-1,6-bisphosphate aldolase [Francisella tularensis]
WP_003034549	hypothetical protein [Francisella tularensis]
WP_003034554	phosphate acyltransferase [Francisella tularensis]
WP_003034557	beta-ketoacyl-ACP reductase [Francisella tularensis]
WP_003034563	acetyltransferase [Francisella tularensis]
WP_003034577	type III pantothenate kinase [Francisella tularensis]
WP_003034620	hypothetical protein [Francisella tularensis]
WP_003034657	homoserine lactone transporter [Francisella tularensis]
WP_003034763	hypothetical protein [Francisella tularensis]
WP_003034767	nicotinate phosphoribosyltransferase [Francisella tularensis]
WP_003034781	penicillin-binding protein activator LpoB [Francisella tularensis]
WP_003034797	oxidoreductase [Francisella tularensis]
WP_003034807	ribonuclease 3 [Francisella tularensis]
WP_003034818	geranyltranstransferase [Francisella tularensis]
WP_003034834	acyl-[acyl-carrier-protein]--UDP-N-acetylglucosamine O-acyltransferase [Francisella tularensis]
WP_003034837	UDP-3-O-(3-hydroxymyristoyl)glucosamine N-acyltransferase [Francisella tularensis]
WP_003034840	membrane protein [Francisella tularensis]
WP_003034892	prepilin-type N-terminal cleavage/methylation domain-containing protein [Francisella tularensis]
WP_003034895	hypothetical protein [Francisella tularensis]
WP_003034932	GDP pyrophosphokinase/GTP pyrophosphokinase [Francisella tularensis] (removed)
WP_003034965	glutamate dehydrogenase [Francisella tularensis]
WP_003034978	molecular chaperone GroEL [Francisella tularensis]
WP_003034992	hypothetical protein [Francisella tularensis]
WP_003035017	MULTISPECIES: 50S ribosomal protein L19 [Francisella]
WP_003035026	DNA-directed RNA polymerase subunit beta' [Francisella tularensis]
WP_003035065	peptide ABC transporter permease [Francisella tularensis]
WP_003035078	thymidylate kinase [Francisella tularensis]
WP_003035080	nucleoside permease [Francisella tularensis]
WP_003035085	phosphopentomutase [Francisella tularensis]
WP_003035087	type III pantothenate kinase [Francisella tularensis]
WP_003035102	two-component sensor histidine kinase [Francisella tularensis]
WP_003035107	twitching motility protein PilT [Francisella tularensis]
WP_003035111	peptidase [Francisella tularensis]
WP_003035113	hypothetical protein [Francisella tularensis]
WP_003035125	MULTISPECIES: succinate dehydrogenase iron-sulfur subunit [Francisella]
WP_003035135	superoxide dismutase [Francisella tularensis]
WP_003035141	ATP synthase subunit beta [Francisella tularensis]
WP_003035145	F0F1 ATP synthase subunit A [Francisella tularensis]
WP_003035149	MFS transporter [Francisella tularensis]
WP_003035153	cell division protein ZapE [Francisella tularensis]
WP_003035158	ribosome-binding factor A [Francisella tularensis]
WP_003035180	NADH dehydrogenase subunit J [Francisella tularensis]
WP_003035182	MULTISPECIES: NADH-quinone oxidoreductase subunit I [Francisella]
WP_003035212	UDP-3-O-[3-hydroxymyristoyl] N-acetylglucosamine deacetylase [Francisella tularensis] (removed)
WP_003035232	adenylosuccinate synthetase [Francisella tularensis]
WP_003035266	cytochrome ubiquinol oxidase subunit II [Francisella tularensis]
WP_003035267	cytochrome ubiquinol oxidase subunit I [Francisella tularensis]
WP_003035279	pyridoxal kinase [Francisella tularensis]
WP_003035357	MULTISPECIES: 30S ribosomal protein S12 [Francisella]
WP_003035393	preprotein translocase subunit SecY [Francisella tularensis]
WP_003035402	bifunctional folylpolyglutamate synthase/dihydrofolate synthase [Francisella tularensis]
WP_003035420	activator of osmoprotectant transporter prop [Francisella tularensis]
WP_003035506	protein TolR [Francisella tularensis]
WP_003035545	type IV pili fiber building block protein [Francisella tularensis] (removed)
WP_003035548	zinc metalloprotease HtpX [Francisella tularensis]
WP_003035603	5-(carboxyamino)imidazole ribonucleotide mutase [Francisella tularensis]
WP_003035617	phospholipase [Francisella tularensis]
WP_003035692	lysine decarboxylase CadA [Francisella tularensis]
WP_003035698	glycine dehydrogenase (decarboxylating) [Francisella tularensis]
WP_003035700	shikimate 5-dehydrogenase [Francisella tularensis]
WP_003035703	alpha-D-glucose phosphate-specific phosphoglucomutase [Francisella tularensis]
WP_003035764	UDP-N-acetylmuramoylalanine--D-glutamate ligase [Francisella tularensis]
WP_003035781	delta-aminolevulinic acid dehydratase [Francisella tularensis]
WP_003035887	AMP-binding protein [Francisella tularensis]
WP_003035895	ribosomal RNA small subunit methyltransferase H [Francisella tularensis]
WP_003035924	enolase [Francisella tularensis]
WP_003035930	2-C-methyl-D-erythritol 4-phosphate cytidylyltransferase [Francisella tularensis]
WP_003035976	reactive intermediate/imine deaminase [Francisella tularensis]
WP_003036153	IclR family transcriptional regulator [Francisella tularensis]
WP_003036211	amino acid transporter [Francisella tularensis]
WP_003036243	thioesterase [Francisella tularensis]
WP_003036264	hypothetical protein [Francisella tularensis]
WP_003036287	transaldolase B [Francisella tularensis] (removed)
WP_003036308	hypothetical protein [Francisella tularensis]
WP_003036417	MFS transporter [Francisella tularensis]
WP_003036474	rare lipoprotein B family protein [Francisella tularensis] (removed)
WP_003036543	serine-type D-Ala-D-Ala carboxypeptidase [Francisella tularensis]
WP_003036556	hypothetical protein [Francisella tularensis]
WP_003036658	potassium channel protein [Francisella tularensis]
WP_003036696	isoprenoid biosynthesis protein ElbB [Francisella tularensis]
WP_003036701	4Fe-4S ferredoxin [Francisella tularensis]
WP_003036703	endonuclease III [Francisella tularensis]
WP_003036833	4-hydroxy-3-methylbut-2-en-1-yl diphosphate synthase [Francisella tularensis] (removed)
WP_003036870	methionine ABC transporter ATP-binding protein [Francisella tularensis] (removed)
WP_003036879	MULTISPECIES: type II secretion system protein F [Francisella]
WP_003036913	tRNA (adenosine(37)-N6)-threonylcarbamoyltransferase complex dimerization subunit type 1 TsaB [Francisella tularensis]
WP_003036943	hypothetical protein [Francisella tularensis]
WP_003036958	FUSC family protein [Francisella tularensis]
WP_003036963	ribose-5-phosphate isomerase [Francisella tularensis]
WP_003036966	peptidase M13 [Francisella tularensis]
WP_003036989	sugar kinase [Francisella tularensis]
WP_003037043	ribonuclease E [Francisella tularensis]
WP_003037070	ribosomal large subunit pseudouridine synthase D [Francisella tularensis]
WP_003037116	hypothetical protein [Francisella tularensis]
WP_003037222	hydroxyacylglutathione hydrolase [Francisella tularensis]
WP_003037386	ornithine cyclodeaminase [Francisella tularensis]
WP_003037451	outer membrane protein assembly factor BamA [Francisella tularensis]
WP_003037453	1-deoxy-D-xylulose-5-phosphate reductoisomerase [Francisella tularensis]
WP_003037455	DNA gyrase subunit A [Francisella tularensis]
WP_003037497	hypothetical protein [Francisella tularensis]
WP_003037531	23S rRNA (pseudouridine(1915)-N(3))-methyltransferase RlmH [Francisella tularensis]
WP_003037537	N-acetylmuramoyl-L-alanine amidase [Francisella tularensis]
WP_003037539	RNA pyrophosphohydrolase [Francisella tularensis]
WP_003037605	glycerol kinase [Francisella tularensis]
WP_003037623	peptide ABC transporter [Francisella tularensis]
WP_003037645	MexH family multidrug efflux RND transporter periplasmic adaptor subunit [Francisella tularensis]
WP_003037673	aconitate hydratase [Francisella tularensis]
WP_003037711	ATP synthase subunit alpha [Francisella tularensis]
WP_003037729	hypothetical protein [Francisella tularensis]
WP_003037755	NADH-quinone oxidoreductase subunit D [Francisella tularensis]
WP_003037763	transcriptional repressor [Francisella tularensis]
WP_003037796	hypothetical protein [Francisella tularensis]
WP_003037810	amidophosphoribosyltransferase [Francisella tularensis]
WP_003037818	membrane protein [Francisella tularensis]
WP_003037945	lactate dehydrogenase [Francisella tularensis]
WP_003037973	bifunctional indole-3-glycerol phosphate synthase/phosphoribosylanthranilate isomerase [Francisella tularensis]
WP_003038261	30S ribosomal protein S8 [Francisella tularensis]
WP_003038264	molecular chaperone HtpG [Francisella tularensis]
WP_003038265	hypothetical protein [Francisella tularensis]
WP_003038268	tRNA (adenosine(37)-N6)-threonylcarbamoyltransferase complex ATPase subunit type 1 TsaE [Francisella tularensis]
WP_003038269	hypothetical protein [Francisella tularensis]
WP_003038272	glutamate--cysteine ligase [Francisella tularensis]
WP_003038273	ferredoxin--NADP(+) reductase [Francisella tularensis]
WP_003038275	hypothetical protein [Francisella tularensis]
WP_003038295	hypothetical protein [Francisella tularensis]
WP_003038296	DNA translocase FtsK [Francisella tularensis]
WP_003038299	alpha hydrolase [Francisella tularensis]
WP_003038308	hypothetical protein [Francisella tularensis]
WP_003038309	hypothetical protein [Francisella tularensis]
WP_003038316	alanine racemase [Francisella tularensis]
WP_003038325	hypothetical protein [Francisella tularensis]
WP_003038326	bifunctional 3-demethylubiquinone 3-O-methyltransferase/2-octaprenyl-6-hydroxy phenol methylase [Francisella tularensis]
WP_003038333	membrane protein [Francisella tularensis]
WP_003038338	phospholipid ABC transporter ATP-binding protein MlaF [Francisella tularensis]
WP_003038341	ATP-dependent DNA helicase RecG [Francisella tularensis]
WP_003038346	fumarate hydratase [Francisella tularensis]
WP_003038348	ArsC family transcriptional regulator [Francisella tularensis]
WP_003038350	hypothetical protein [Francisella tularensis]
WP_003038351	hypothetical protein [Francisella tularensis]
WP_003038355	aspartate 4-decarboxylase [Francisella tularensis]
WP_003038359	DNA processing protein DprA [Francisella tularensis] (removed at submitter's request)
WP_003038361	membrane protein [Francisella tularensis]
WP_003038363	4-hydroxy-3-methylbut-2-enyl diphosphate reductase [Francisella tularensis]
WP_003038372	protein TolA [Francisella tularensis]
WP_003038375	protein TolB [Francisella tularensis]
WP_003038377	ribosomal protein S12 methylthiotransferase RimO [Francisella tularensis]
WP_003038380	short-chain dehydrogenase [Francisella tularensis]
WP_003038386	hypothetical protein [Francisella tularensis]
WP_003038401	hypothetical protein [Francisella tularensis]
WP_003038404	hypothetical protein [Francisella tularensis]
WP_003038420	hypothetical protein [Francisella tularensis]
WP_003038424	chorismate--pyruvate lyase [Francisella tularensis]
WP_003038425	ribonuclease PH [Francisella tularensis]
WP_003038426	metal-transporting ATPase [Francisella tularensis]
WP_003038427	transcriptional regulator [Francisella tularensis]
WP_003038428	glycerol-3-phosphate dehydrogenase (NAD(P)(+)) [Francisella tularensis]
WP_003038429	DNA repair protein RadA [Francisella tularensis]
WP_003038430	PilZ domain-containing protein [Francisella tularensis]
WP_003038431	superoxide dismutase [Francisella tularensis]
WP_003038435	mannose-6-phosphate isomerase [Francisella tularensis] (removed)
WP_003038436	S-(hydroxymethyl)glutathione dehydrogenase [Francisella tularensis]
WP_003038437	aspartate aminotransferase [Francisella tularensis]
WP_003038438	DNA repair protein RecN [Francisella tularensis]
WP_003038444	lipid A 1-phosphatase [Francisella tularensis]
WP_003038445	bifunctional methylenetetrahydrofolate dehydrogenase/methenyltetrahydrofolate cyclohydrolase [Francisella tularensis]
WP_003038447	phosphoribosylamine--glycine ligase [Francisella tularensis]
WP_003038448	phosphoribosylglycinamide formyltransferase [Francisella tularensis]
WP_003038450	5-(carboxyamino)imidazole ribonucleotide synthase [Francisella tularensis]
WP_003038452	peptidase M3 [Francisella tularensis]
WP_003038456	DNA topoisomerase I [Francisella tularensis]
WP_003038459	phosphohydrolase [Francisella tularensis]
WP_003038460	ribosomal RNA large subunit methyltransferase E [Francisella tularensis]
WP_003038463	isoleucine--tRNA ligase [Francisella tularensis]
WP_003038464	riboflavin biosynthesis protein RibF [Francisella tularensis]
WP_003038465	malate dehydrogenase [Francisella tularensis]
WP_003038468	membrane protein [Francisella tularensis]
WP_003038469	hypothetical protein [Francisella tularensis]
WP_003038470	ribosome biogenesis GTPase Der [Francisella tularensis]
WP_003038471	UDP-N-acetylglucosamine 1-carboxyvinyltransferase [Francisella tularensis]
WP_003038472	hypothetical protein [Francisella tularensis]
WP_003038473	hypothetical protein [Francisella tularensis]
WP_003038477	chemotaxis protein CheB [Francisella tularensis]
WP_003038479	GGDEF domain-containing protein [Francisella tularensis]
WP_003038484	ubiquinone/menaquinone biosynthesis C-methyltransferase UbiE [Francisella tularensis]
WP_003038489	hypothetical protein [Francisella tularensis] (suppressed)
WP_003038493	peptidase M50 [Francisella tularensis]
WP_003038494	hypothetical protein [Francisella tularensis]
WP_003038495	ADP-ribose pyrophosphatase [Francisella tularensis]
WP_003038496	bifunctional N-acetylglucosamine-1-phosphate uridyltransferase/glucosamine-1-phosphate acetyltransferase [Francisella tularensis]
WP_003038501	glutamine--fructose-6-phosphate aminotransferase [Francisella tularensis]
WP_003038504	hypothetical protein [Francisella tularensis]
WP_003038505	DNA topoisomerase IV subunit A [Francisella tularensis]
WP_003038506	5'-methylthioadenosine/S-adenosylhomocysteine nucleosidase [Francisella tularensis]
WP_003038510	DNA polymerase III subunit alpha [Francisella tularensis]
WP_003038513	ABC transporter substrate-binding protein [Francisella tularensis]
WP_003038514	aminomethyltransferase [Francisella tularensis]
WP_003038515	glycine dehydrogenase [Francisella tularensis]
WP_003038516	DNA methyltransferase [Francisella tularensis]
WP_003038519	type I pullulanase [Francisella tularensis]
WP_003038522	glycogen-branching enzyme [Francisella tularensis]
WP_003038524	glucose-1-phosphate adenylyltransferase [Francisella tularensis]
WP_003038526	glycogen synthase [Francisella tularensis]
WP_003038527	maltodextrin phosphorylase [Francisella tularensis]
WP_003038530	4-alpha-glucanotransferase [Francisella tularensis]
WP_003038532	glycine--tRNA ligase subunit alpha [Francisella tularensis]
WP_003038537	UDP-N-acetylmuramoylalanyl-D-glutamyl-2, 6-diaminopimelate--D-alanyl-D-alanine ligase [Francisella tularensis]
WP_003038539	hypothetical protein [Francisella tularensis]
WP_003038544	bifunctional aspartate kinase/homoserine dehydrogenase I [Francisella tularensis]
WP_003038547	homoserine kinase [Francisella tularensis]
WP_003038549	threonine synthase [Francisella tularensis]
WP_003038551	UDP-2,3-diacylglucosamine diphosphatase [Francisella tularensis]
WP_003038553	orotate phosphoribosyltransferase [Francisella tularensis]
WP_003038556	UDP-N-acetylmuramate:L-alanyl-gamma-D-glutamyl-meso-diaminopimelate ligase [Francisella tularensis]
WP_003038558	23S rRNA (guanosine(2251)-2'-O)-methyltransferase RlmB [Francisella tularensis]
WP_003038567	ABC transporter ATP-binding protein [Francisella tularensis]
WP_003038572	glutamine--tRNA ligase [Francisella tularensis]
WP_003038581	dolichyl-phosphate-mannose--protein mannosyltransferase [Francisella tularensis]
WP_003038584	protease SohB [Francisella tularensis]
WP_003038585	DNA polymerase III subunit delta' [Francisella tularensis]
WP_003038592	peptidylprolyl isomerase [Francisella tularensis]
WP_003038594	ribosomal RNA small subunit methyltransferase A [Francisella tularensis]
WP_003038597	DNA-binding protein [Francisella tularensis]
WP_003038599	EF-P lysine aminoacylase GenX [Francisella tularensis]
WP_003038603	single-stranded-DNA-specific exonuclease RecJ [Francisella tularensis]
WP_003038607	hypothetical protein [Francisella tularensis]
WP_003038609	hypothetical protein [Francisella tularensis]
WP_003038612	DNA mismatch repair protein MutL [Francisella tularensis]
WP_003038617	thioredoxin-disulfide reductase [Francisella tularensis]
WP_003038619	phospholipase D [Francisella tularensis]
WP_003038628	copper homeostasis protein CutC [Francisella tularensis]
WP_003038634	deoxyguanosinetriphosphate triphosphohydrolase [Francisella tularensis]
WP_003038637	asparaginase [Francisella tularensis]
WP_003038642	uperin family protein [Francisella tularensis]
WP_003038650	membrane protein [Francisella tularensis]
WP_003038653	hypothetical protein [Francisella tularensis] (removed)
WP_003038655	hypothetical protein [Francisella tularensis]
WP_003038657	tRNA dihydrouridine(20/20a) synthase DusA [Francisella tularensis]
WP_003038662	pyridoxal 5'-phosphate synthase subunit PdxT [Francisella tularensis]
WP_003038670	2-dehydro-3-deoxyphosphooctonate aldolase [Francisella tularensis]
WP_003038674	hypothetical protein [Francisella tularensis]
WP_003038679	23S rRNA (uracil(1939)-C(5))-methyltransferase RlmD [Francisella tularensis]
WP_003038681	hypothetical protein [Francisella tularensis]
WP_003038683	hypothetical protein [Francisella tularensis]
WP_003038692	L-threonine 3-dehydrogenase [Francisella tularensis]
WP_003038698	chitinase [Francisella tularensis]
WP_003038700	formyltetrahydrofolate deformylase [Francisella tularensis]
WP_003038704	catalase-peroxidase [Francisella tularensis]
WP_003038706	oxidoreductase [Francisella tularensis] (removed)
WP_003038710	serine-type D-Ala-D-Ala carboxypeptidase [Francisella tularensis]
WP_003038714	glycerophosphoryl diester phosphodiesterase [Francisella tularensis]
WP_003038723	cysteine/glutathione ABC transporter ATP-binding protein/permease CydC [Francisella tularensis]
WP_003038726	thiol reductant ABC exporter subunit CydD [Francisella tularensis]
WP_003038729	hypothetical protein [Francisella tularensis]
WP_003038734	fructokinase [Francisella tularensis]
WP_003038739	serine--tRNA ligase [Francisella tularensis]
WP_003038742	2,3-bisphosphoglycerate-independent phosphoglycerate mutase [Francisella tularensis]
WP_003038744	4Fe-4S ferredoxin [Francisella tularensis]
WP_003038749	uridine phosphorylase [Francisella tularensis]
WP_003038756	peptidase M16 [Francisella tularensis]
WP_003038764	leucyl aminopeptidase [Francisella tularensis]
WP_003038767	glucose-6-phosphate isomerase [Francisella tularensis]
WP_003038772	excinuclease ABC subunit A [Francisella tularensis]
WP_003038779	ATP-dependent metalloprotease [Francisella tularensis]
WP_003038804	HIT family protein [Francisella tularensis]
WP_003038806	galactokinase [Francisella tularensis]
WP_003038808	galactose-1-phosphate uridylyltransferase [Francisella tularensis]
WP_003038813	MFS transporter [Francisella tularensis]
WP_003038816	RNA helicase [Francisella tularensis]
WP_003038817	quinolinate synthetase [Francisella tularensis]
WP_003038819	nicotinate-nucleotide diphosphorylase (carboxylating) [Francisella tularensis]
WP_003038821	L-aspartate oxidase [Francisella tularensis]
WP_003038824	alkaline phosphatase [Francisella tularensis]
WP_003038832	dipeptide epimerase [Francisella tularensis]
WP_003038844	type I restriction-modification system subunit M [Francisella tularensis]
WP_003038849	type I restriction-modification protein subunit S [Francisella tularensis]
WP_003038855	hypothetical protein [Francisella tularensis]
WP_003038864	RNA-binding protein [Francisella tularensis]
WP_003038879	hypothetical protein [Francisella tularensis]
WP_003038884	secretion protein HylD [Francisella tularensis]
WP_003038889	alpha/beta hydrolase [Francisella tularensis]
WP_003038904	cobalt transporter [Francisella tularensis]
WP_003038915	glycine--tRNA ligase subunit beta [Francisella tularensis]
WP_003038923	hypothetical protein [Francisella tularensis]
WP_003038926	phosphoserine phosphatase [Francisella tularensis]
WP_003038931	hypothetical protein FTN_0745 [Francisella tularensis] (suppressed)
WP_003038932	alanine racemase [Francisella tularensis]
WP_003038934	prephenate dehydratase [Francisella tularensis]
WP_003038937	L-serine ammonia-lyase [Francisella tularensis]
WP_003038938	cysteine desulfurase [Francisella tularensis]
WP_003038939	putative Fe-S cluster assembly protein SufT [Francisella tularensis]
WP_003038940	membrane protein [Francisella tularensis]
WP_003038941	type II-B CRISPR-associated RNA-guided endonuclease Cas9/Csx12 [Francisella tularensis]
WP_003038948	choloylglycine hydrolase [Francisella tularensis]
WP_003038949	rRNA methyltransferase [Francisella tularensis]
WP_003038950	beta-aspartyl-peptidase [Francisella tularensis]
WP_003038954	ribosome silencing factor RsfS [Francisella tularensis]
WP_003038958	hypothetical protein [Francisella tularensis]
WP_003038961	alanine--tRNA ligase [Francisella tularensis]
WP_003038964	leucyl aminopeptidase [Francisella tularensis]
WP_003038972	amino acid transporter [Francisella tularensis]
WP_003038974	GntR family transcriptional regulator [Francisella tularensis]
WP_003038976	hypothetical protein [Francisella tularensis]
WP_003038978	recombination-associated protein RdgC [Francisella tularensis]
WP_003038988	ribosomal RNA large subunit methyltransferase K/L [Francisella tularensis]
WP_003038998	methionyl-tRNA formyltransferase [Francisella tularensis]
WP_003039000	glutathione synthase [Francisella tularensis]
WP_003039002	glutamate-1-semialdehyde 2,1-aminomutase [Francisella tularensis]
WP_003039004	beta-glucosidase [Francisella tularensis]
WP_003039007	short-chain dehydrogenase [Francisella tularensis]
WP_003039016	bifunctional biotin--[acetyl-CoA-carboxylase] synthetase/biotin operon repressor [Francisella tularensis]
WP_003039019	biotin synthase [Francisella tularensis]
WP_003039021	8-amino-7-oxononanoate synthase [Francisella tularensis]
WP_003039029	hypothetical protein [Francisella tularensis]
WP_003039032	lipase/esterase [Francisella tularensis]
WP_003039034	2-amino-4-hydroxy-6-hydroxymethyldihydropteridine pyrophosphokinase [Francisella tularensis]
WP_003039049	aldo/keto reductase [Francisella tularensis]
WP_003039053	hypothetical protein [Francisella tularensis]
WP_003039061	RNA helicase [Francisella tularensis]
WP_003039065	glutathione-disulfide reductase [Francisella tularensis]
WP_003039068	membrane protein [Francisella tularensis]
WP_003039076	exodeoxyribonuclease III [Francisella tularensis]
WP_003039079	succinylglutamate desuccinylase / Aspartoacylase family [Francisella tularensis]
WP_003039085	signal recognition particle protein [Francisella tularensis]
WP_003039109	hypothetical protein [Francisella tularensis]
WP_003039112	diguanylate cyclase [Francisella tularensis]
WP_003039119	hypothetical protein [Francisella tularensis]
WP_003039122	DNA mismatch repair protein MutT [Francisella tularensis]
WP_003039126	crossover junction endodeoxyribonuclease RuvA [Francisella tularensis]
WP_003039129	membrane protein [Francisella tularensis] (suppressed)
WP_003039133	transglutaminase [Francisella tularensis]
WP_003039136	leucine--tRNA ligase [Francisella tularensis]
WP_003039149	MFS transporter [Francisella tularensis]
WP_003039159	hypothetical protein [Francisella tularensis]
WP_003039164	GTP-binding protein [Francisella tularensis]
WP_003039170	phenylalanine--tRNA ligase subunit beta [Francisella tularensis]
WP_003039175	phenylalanine--tRNA ligase subunit alpha [Francisella tularensis]
WP_003039180	MFS transporter [Francisella tularensis]
WP_003039190	hypothetical protein [Francisella tularensis] (suppressed)
WP_003039194	hypothetical protein [Francisella tularensis]
WP_003039201	1-deoxy-D-xylulose-5-phosphate synthase [Francisella tularensis]
WP_003039205	GMP synthetase [Francisella tularensis]
WP_003039209	amino acid permease [Francisella tularensis]
WP_003039212	phosphorylase [Francisella tularensis]
WP_003039215	2-keto-4-pentenoate hydratase [Francisella tularensis]
WP_003039222	3-deoxy-D-manno-octulosonate 8-phosphate phosphatase [Francisella tularensis]
WP_003039225	D-alanyl-D-alanine carboxypeptidase [Francisella tularensis]
WP_003039232	octanoyltransferase [Francisella tularensis]
WP_003039242	alpha-glucosidase [Francisella tularensis] (suppressed)
WP_003039245	NADH dehydrogenase [Francisella tularensis]
WP_003039248	RNA polymerase sigma factor RpoD [Francisella tularensis]
WP_003039251	DNA primase [Francisella tularensis]
WP_003039257	tRNA 2-thiocytidine(32) synthetase TtcA [Francisella tularensis]
WP_003039260	octaprenyl diphosphate synthase [Francisella tularensis]
WP_003039265	hypothetical protein [Francisella tularensis] (suppressed)
WP_003039271	sulfate adenylyltransferase [Francisella tularensis]
WP_003039282	sulfate adenylyltransferase small subunit [Francisella tularensis]
WP_003039284	hypothetical protein [Francisella tularensis]
WP_003039286	sulfotransferase [Francisella tularensis]
WP_003039311	hypothetical protein [Francisella tularensis]
WP_003039319	hypothetical protein [Francisella tularensis]
WP_003039327	50S ribosomal protein L9 [Francisella tularensis]
WP_003039333	coproporphyrinogen III oxidase [Francisella tularensis]
WP_003039335	histidine acid phosphatase [Francisella tularensis]
WP_003039338	phosphoserine transaminase [Francisella tularensis]
WP_003039340	cytidylate kinase [Francisella tularensis]
WP_003039342	short chain dehydrogenase [Francisella tularensis]
WP_003039347	membrane protein [Francisella tularensis]
WP_003039351	DUF1338 domain-containing protein [Francisella tularensis]
WP_003039354	aldehyde dehydrogenase [Francisella tularensis]
WP_003039383	hypothetical protein [Francisella tularensis]
WP_003039390	2-nonaprenyl-3-methyl-6-methoxy-1,4-benzoquinol hydroxylase [Francisella tularensis]
WP_003039393	malate dehydrogenase [Francisella tularensis]
WP_003039398	ABC transporter ATP-binding protein [Francisella tularensis]
WP_003039401	DNA polymerase IV [Francisella tularensis]
WP_003039410	50S ribosomal protein L11 methyltransferase [Francisella tularensis]
WP_003039415	NADH-dependent alcohol dehydrogenase [Francisella tularensis]
WP_003039417	4Fe-4S ferredoxin [Francisella tularensis] (suppressed)
WP_003039419	alpha-hydroxy-acid oxidizing enzyme [Francisella tularensis]
WP_003039424	tyrosine--tRNA ligase [Francisella tularensis]
WP_003039427	lipoate--protein ligase A [Francisella tularensis]
WP_003039430	HslU--HslV peptidase ATPase subunit [Francisella tularensis]
WP_003039445	class A beta-lactamase [Francisella tularensis]
WP_003039451	GTP-binding protein YchF [Francisella tularensis]
WP_003039457	succinylglutamate desuccinylase / Aspartoacylase family [Francisella tularensis]
WP_003039474	isochorismatase [Francisella tularensis]
WP_003039477	isochorismatase [Francisella tularensis]
WP_003039482	aldolase [Francisella tularensis]
WP_003039484	histidine decarboxylase [Francisella tularensis]
WP_003039488	amidohydrolase [Francisella tularensis]
WP_003039499	DNA recombination protein RmuC [Francisella tularensis]
WP_003039501	Holliday junction ATP-dependent DNA helicase RuvA [Francisella tularensis]
WP_003039507	transcriptional regulator [Francisella tularensis]
WP_003039515	peptide transporter [Francisella tularensis]
WP_003039521	hypothetical protein [Francisella tularensis]
WP_003039530	transcription-repair coupling factor [Francisella tularensis]
WP_003039534	dihydroxy-acid dehydratase [Francisella tularensis]
WP_003039537	low molecular weight phosphotyrosine protein phosphatase [Francisella tularensis]
WP_003039540	oxidoreductase [Francisella tularensis]
WP_003039550	hypothetical protein [Francisella tularensis]
WP_003039615	ATP-dependent Clp protease ATP-binding subunit ClpX [Francisella tularensis]
WP_003039621	trigger factor [Francisella tularensis]
WP_003039646	apolipoprotein N-acyltransferase [Francisella tularensis]
WP_003039650	hypothetical protein [Francisella tularensis]
WP_003039659	class A beta-lactamase [Francisella tularensis]
WP_003039668	Nif3-like dinuclear metal center hexameric protein [Francisella tularensis]
WP_003039676	sigma factor regulator FecR [Francisella tularensis]
WP_003039681	hypothetical protein [Francisella tularensis]
WP_003039688	carbonic anhydrase [Francisella tularensis]
WP_003039691	L-asparaginase 1 [Francisella tularensis]
WP_003039694	3-phosphoshikimate 1-carboxyvinyltransferase [Francisella tularensis]
WP_003039700	preprotein translocase subunit SecF [Francisella tularensis]
WP_003039703	protein-export membrane protein SecD [Francisella tularensis]
WP_003039707	isochorismatase [Francisella tularensis]
WP_003039710	LysR family transcriptional regulator [Francisella tularensis]
WP_003039713	tRNA guanosine(34) transglycosylase Tgt [Francisella tularensis]
WP_003039715	hypothetical protein [Francisella tularensis]
WP_003039734	metal ABC transporter substrate-binding protein [Francisella tularensis]
WP_003039737	amino acid transporter [Francisella tularensis]
WP_003039743	cyanophycin synthetase [Francisella tularensis]
WP_003039746	molybdopterin-binding protein [Francisella tularensis]
WP_003039749	glycerophosphoryl diester phosphodiesterase [Francisella tularensis]
WP_003039752	type IV-A pilus assembly ATPase PilB [Francisella tularensis]
WP_003039755	ATP-binding protein [Francisella tularensis]
WP_003039759	ferrochelatase [Francisella tularensis]
WP_003039762	deoxyribodipyrimidine photo-lyase [Francisella tularensis]
WP_003039766	hypothetical protein [Francisella tularensis]
WP_003039773	hypothetical protein [Francisella tularensis]
WP_003039778	galactose mutarotase [Francisella tularensis]
WP_003039781	phosphopantothenoylcysteine decarboxylase [Francisella tularensis]
WP_003039788	amino acid transporter [Francisella tularensis]
WP_003039791	bifunctional proline dehydrogenase/L-glutamate gamma-semialdehyde dehydrogenase [Francisella tularensis]
WP_003039798	3-dehydroquinate synthase [Francisella tularensis]
WP_003039802	secretin [Francisella tularensis]
WP_003039809	4Fe-4S ferredoxin [Francisella tularensis]
WP_003039815	GTPase Era [Francisella tularensis]
WP_003039818	aspartate aminotransferase [Francisella tularensis]
WP_003039821	class II glutamine amidotransferase [Francisella tularensis]
WP_003039827	N-acetylglucosamine-6-phosphate deacetylase [Francisella tularensis]
WP_003039832	ribosome biogenesis GTPase YlqF [Francisella tularensis]
WP_003039835	DNA methyltransferase [Francisella tularensis]
WP_003039842	type I restriction-modification protein subunit S [Francisella tularensis]
WP_003039844	DEAD/DEAH box helicase [Francisella tularensis]
WP_003039849	methyltransferase [Francisella tularensis]
WP_003039858	hypothetical protein [Francisella tularensis]
WP_003039863	exodeoxyribonuclease VII large subunit [Francisella tularensis]
WP_003039866	transglutaminase [Francisella tularensis]
WP_003039874	excinuclease ABC subunit B [Francisella tularensis]
WP_003039875	exodeoxyribonuclease I [Francisella tularensis]
WP_003039877	oxidoreductase [Francisella tularensis]
WP_003039880	LysR family transcriptional regulator [Francisella tularensis]
WP_003039882	tRNA uridine-5-carboxymethylaminomethyl(34) synthesis enzyme MnmG [Francisella tularensis]
WP_003039888	50S ribosomal protein L20 [Francisella tularensis]
WP_003039890	threonine--tRNA ligase [Francisella tularensis]
WP_003039892	chitin-binding protein [Francisella tularensis]
WP_003039896	glycine cleavage system protein H [Francisella tularensis]
WP_003039898	UDP-N-acetylglucosamine--N-acetylmuramyl-(pentapeptide) pyrophosphoryl-undecaprenol N-acetylglucosamine transferase [Francisella tularensis]
WP_003039901	GDP diphosphokinase [Francisella tularensis]
WP_003039904	poly-gamma-glutamate system protein [Francisella tularensis]
WP_003039908	poly-gamma-glutamate synthase PgsB [Francisella tularensis] (removed)
WP_003039917	asparaginase [Francisella tularensis]
WP_003039932	capsule polysaccharide transporter [Francisella tularensis]
WP_003039935	hypothetical protein [Francisella tularensis]
WP_003039938	ABC transporter ATP-binding protein [Francisella tularensis]
WP_003039948	D-arabinose 5-phosphate isomerase [Francisella tularensis]
WP_003039965	haloacid dehalogenase [Francisella tularensis]
WP_003039968	tRNA preQ1(34) S-adenosylmethionine ribosyltransferase-isomerase QueA [Francisella tularensis]
WP_003039971	2-octaprenyl-3-methyl-6-methoxy-1,4-benzoquinol hydroxylase [Francisella tularensis]
WP_003039974	2-octaprenyl-6-methoxyphenyl hydroxylase [Francisella tularensis]
WP_003039979	DNA repair protein RecO [Francisella tularensis]
WP_003039983	IscS subfamily cysteine desulfurase [Francisella tularensis]
WP_003039993	choloylglycine hydrolase [Francisella tularensis]
WP_003039996	glycosyl transferase family 1 [Francisella tularensis]
WP_003040002	glycosyl transferase [Francisella tularensis]
WP_003040011	serine hydroxymethyltransferase [Francisella tularensis]
WP_003040014	hypothetical protein [Francisella tularensis]
WP_003040017	hypothetical protein [Francisella tularensis]
WP_003040026	mannosyl-glycoprotein endo-beta-N-acetylglucosaminidase [Francisella tularensis]
WP_003040032	16S rRNA methyltransferase [Francisella tularensis]
WP_003040040	long-chain-fatty-acid--CoA ligase [Francisella tularensis]
WP_003040043	AraC family transcriptional regulator [Francisella tularensis] (removed)
WP_003040055	hypothetical protein [Francisella tularensis]
WP_003040058	LysR family transcriptional regulator [Francisella tularensis]
WP_003040064	molecular chaperone DnaK [Francisella tularensis]
WP_003040067	nucleotide exchange factor GrpE [Francisella tularensis]
WP_003040087	rRNA methyltransferase [Francisella tularensis]
WP_003040096	tRNA uridine-5-carboxymethylaminomethyl(34) synthesis GTPase MnmE [Francisella tularensis]
WP_003040101	LysR family transcriptional regulator [Francisella tularensis]
WP_003040109	hypothetical protein [Francisella tularensis]
WP_003040112	hypothetical protein [Francisella tularensis]
WP_003040115	hypothetical protein [Francisella tularensis]
WP_003040118	hypothetical protein [Francisella tularensis]
WP_003040120	hypothetical protein [Francisella tularensis]
WP_003040123	hypothetical protein [Francisella tularensis]
WP_003040125	developmental protein [Francisella tularensis]
WP_003040128	hypothetical protein [Francisella tularensis]
WP_003040134	hypothetical protein [Francisella tularensis]
WP_003040140	hypothetical protein [Francisella tularensis]
WP_003040143	hypothetical protein [Francisella tularensis]
WP_003040146	type VI secretion protein [Francisella tularensis]
WP_003040148	hypothetical protein [Francisella tularensis]
WP_003040166	MULTISPECIES: pyruvate kinase [Francisella]
WP_003040169	phosphoglycerate kinase [Francisella tularensis]
WP_003040172	transketolase [Francisella tularensis]
WP_003040178	hypothetical protein [Francisella tularensis]
WP_003040187	16S rRNA (cytosine(967)-C(5))-methyltransferase [Francisella tularensis]
WP_003040194	DNA ligase (NAD(+)) LigA [Francisella tularensis]
WP_003040203	pantothenate synthetase [Francisella tularensis]
WP_003040212	exodeoxyribonuclease V subunit beta [Francisella tularensis]
WP_003040215	exodeoxyribonuclease V subunit gamma [Francisella tularensis]
WP_003040218	FMN-binding glutamate synthase family protein [Francisella tularensis]
WP_003040223	hypothetical protein [Francisella tularensis]
WP_003040227	cell division protein [Francisella tularensis]
WP_003040230	membrane protein [Francisella tularensis]
WP_003040233	hypothetical protein [Francisella tularensis]
WP_003040241	proline--tRNA ligase [Francisella tularensis]
WP_003040252	aminotransferase [Francisella tularensis]
WP_003040258	carbon-nitrogen hydrolase [Francisella tularensis]
WP_003040261	transcription antitermination factor NusB [Francisella tularensis]
WP_003040267	hypothetical protein [Francisella tularensis]
WP_003040289	type V CRISPR-associated protein Cpf1 [Francisella tularensis]
WP_003040294	N-acetyltransferase [Francisella tularensis]
WP_003040297	hypothetical protein [Francisella tularensis]
WP_003040301	NAD(+) kinase [Francisella tularensis]
WP_003040306	bactoprenol glucosyl transferase [Francisella tularensis]
WP_003040317	TatD family hydrolase [Francisella tularensis]
WP_003040326	ATPase AAA [Francisella tularensis]
WP_003040329	exopolyphosphatase [Francisella tularensis]
WP_003040333	phosphomannomutase [Francisella tularensis]
WP_003040336	mannose-1-phosphate guanylyltransferase/mannose-6-phosphate isomerase [Francisella tularensis]
WP_003040350	asparagine synthetase B [Francisella tularensis]
WP_003040353	glycosyl transferase family 1 [Francisella tularensis]
WP_003040366	UDP-N-acetyl-D-galactosamine dehydrogenase [Francisella tularensis]
WP_003040369	galacturonosyl transferase [Francisella tularensis]
WP_003040373	transferase [Francisella tularensis]
WP_003040378	aminotransferase DegT [Francisella tularensis]
WP_003040388	hypothetical protein [Francisella tularensis]
WP_003040393	long-chain-fatty-acid--CoA ligase [Francisella tularensis]
WP_003040395	acyl-CoA dehydrogenase [Francisella tularensis]
WP_003040399	3-hydroxyacyl-CoA dehydrogenase [Francisella tularensis]
WP_003040402	acetyl-CoA acetyltransferase [Francisella tularensis]
WP_003040406	hypothetical protein [Francisella tularensis]
WP_003040411	hypothetical protein [Francisella tularensis]
WP_003040413	hypothetical protein [Francisella tularensis]
WP_003040422	hypothetical protein [Francisella tularensis]
WP_003040428	cyclopropane-fatty-acyl-phospholipid synthase [Francisella tularensis]
WP_003040437	ribonuclease R [Francisella tularensis]
WP_003040440	tRNA pseudouridine(55) synthase TruB [Francisella tularensis]
WP_003040444	hypothetical protein [Francisella tularensis]
WP_003040447	pyrroline-5-carboxylate reductase [Francisella tularensis]
WP_003040462	lipid-A-disaccharide synthase [Francisella tularensis]
WP_003040469	uracil-DNA glycosylase [Francisella tularensis]
WP_003040471	DEAD/DEAH box helicase [Francisella tularensis]
WP_003040472	death-on-curing protein [Francisella tularensis]
WP_003040474	hypothetical protein [Francisella tularensis]
WP_003040476	hypothetical protein [Francisella tularensis]
WP_003040477	DNA methyltransferase [Francisella tularensis]
WP_003040479	dihydrolipoyl dehydrogenase [Francisella tularensis]
WP_003040481	pyruvate dehydrogenase complex dihydrolipoyllysine-residue acetyltransferase [Francisella tularensis]
WP_003040482	pyruvate dehydrogenase (acetyl-transferring), homodimeric type [Francisella tularensis]
WP_003040486	dephospho-CoA kinase [Francisella tularensis]
WP_003040487	tryptophan--tRNA ligase [Francisella tularensis]
WP_003040489	hypothetical protein [Francisella tularensis]
WP_003040499	N-acetylmuramic acid 6-phosphate etherase [Francisella tularensis]
WP_003040502	hypothetical protein [Francisella tularensis]
WP_003040510	protein-export protein SecB [Francisella tularensis]
WP_003040513	hypothetical protein [Francisella tularensis]
WP_003040522	hypothetical protein [Francisella tularensis]
WP_003040524	penicillin-Binding protein C-terminus family protein [Francisella tularensis]
WP_003040533	hypothetical protein [Francisella tularensis]
WP_003040540	molecular chaperone DnaJ [Francisella tularensis]
WP_003040552	dihydrolipoamide dehydrogenase [Francisella tularensis]
WP_003040554	TVP38/TMEM64 family protein [Francisella tularensis] (removed)
WP_003040562	diaminopimelate decarboxylase [Francisella tularensis]
WP_003040565	hypothetical protein [Francisella tularensis]
WP_003040570	membrane protein [Francisella tularensis]
WP_003040573	short-chain dehydrogenase/reductase [Francisella tularensis]
WP_003040596	peptide chain release factor 1 [Francisella tularensis]
WP_003040599	glutamyl-tRNA reductase [Francisella tularensis]
WP_003040604	outer membrane protein assembly factor BamB [Francisella tularensis]
WP_003040607	DNA topoisomerase IV subunit B [Francisella tularensis]
WP_003040622	oxidoreductase [Francisella tularensis]
WP_003040628	ribosome maturation factor RimM [Francisella tularensis]
WP_003040632	tRNA (adenosine(37)-N6)-threonylcarbamoyltransferase complex transferase subunit TsaD [Francisella tularensis]
WP_003040691	2,3,4,5-tetrahydropyridine-2,6-carboxylate N-succinyltransferase [Francisella tularensis]
WP_003040705	TatD family deoxyribonuclease [Francisella tularensis]
WP_003040711	membrane protein [Francisella tularensis]
WP_003040724	tryptophan synthase subunit beta [Francisella tularensis]
WP_003040726	tryptophan synthase subunit alpha [Francisella tularensis]
WP_003040733	ATP-dependent chaperone ClpB [Francisella tularensis]
WP_003040737	phosphoribosylglycinamide formyltransferase 2 [Francisella tularensis]
WP_003040742	1-acyl-sn-glycerol-3-phosphate acyltransferase [Francisella tularensis]
WP_003040744	(2Fe-2S)-binding protein [Francisella tularensis]
WP_003040747	MFS transporter [Francisella tularensis]
WP_003040749	peroxiredoxin [Francisella tularensis]
WP_003040752	hypothetical protein [Francisella tularensis]
WP_003040754	hypothetical protein [Francisella tularensis]
WP_003040758	zinc-binding alcohol dehydrogenase [Francisella tularensis]
WP_003040762	energy-dependent translational throttle protein EttA [Francisella tularensis]
WP_003040767	ribokinase [Francisella tularensis]
WP_003040769	aminopeptidase N [Francisella tularensis]
WP_003040772	AraC family transcriptional regulator [Francisella tularensis]
WP_003040773	peptide-methionine (S)-S-oxide reductase [Francisella tularensis]
WP_003040775	NHLP leader peptide family natural product precursor [Francisella tularensis]
WP_003040779	anthranilate synthase component I [Francisella tularensis]
WP_003040790	hypothetical protein [Francisella tularensis]
WP_003040814	carbamoyl phosphate synthase large subunit [Francisella tularensis]
WP_003040816	MULTISPECIES: carbamoyl phosphate synthase small subunit [Francisella]
WP_003040818	acid phosphatase [Francisella tularensis]
WP_003040822	dihydroorotase [Francisella tularensis]
WP_003040829	SOUL heme-binding protein [Francisella tularensis]
WP_003040830	chorismate mutase [Francisella tularensis]
WP_003040831	IMP dehydrogenase [Francisella tularensis]
WP_003040839	hypothetical protein [Francisella tularensis]
WP_003040849	hypothetical protein [Francisella tularensis]
WP_003040851	hypothetical protein [Francisella tularensis]
WP_003040853	hypothetical protein [Francisella tularensis]
WP_003040855	hypothetical protein [Francisella tularensis]
WP_003040860	hypothetical protein [Francisella tularensis]
WP_003040880	prephenate dehydrogenase [Francisella tularensis]
WP_003040889	beta-fructofuranosidase [Francisella tularensis]
WP_003040892	3-isopropylmalate dehydrogenase [Francisella tularensis]
WP_003040894	3-isopropylmalate dehydratase large subunit [Francisella tularensis]
WP_003040897	2-isopropylmalate synthase [Francisella tularensis]
WP_003040900	pyruvate, phosphate dikinase [Francisella tularensis]
WP_003040906	ferrous iron transporter B [Francisella tularensis]
WP_003040911	oligoribonuclease [Francisella tularensis]
WP_003040916	membrane protein insertase YidC [Francisella tularensis]
WP_003040921	shikimate dehydrogenase [Francisella tularensis]
WP_003040924	UDP-N-acetylmuramate--L-alanine ligase [Francisella tularensis]
WP_003040927	rRNA (cytidine-2'-O-)-methyltransferase [Francisella tularensis]
WP_003040933	haloacid dehalogenase [Francisella tularensis]
WP_003040936	hypothetical protein [Francisella tularensis]
WP_003040943	universal stress protein [Francisella tularensis]
WP_003040944	MFS transporter [Francisella tularensis] (removed)
WP_003040948	allophanate hydrolase [Francisella tularensis]
WP_003040951	LamB/YcsF family protein [Francisella tularensis]
WP_003040954	hydrolase [Francisella tularensis]
WP_003040959	hypothetical protein [Francisella tularensis]
WP_003040965	LysR family transcriptional regulator [Francisella tularensis]
WP_003040969	ribosomal RNA small subunit methyltransferase G [Francisella tularensis]
WP_003040974	YggS family pyridoxal phosphate enzyme [Francisella tularensis]
WP_003040982	hypothetical protein [Francisella tularensis]
WP_003040989	tRNA 2-thiouridine(34) synthase MnmA [Francisella tularensis]
WP_003040990	hypothetical protein [Francisella tularensis]
WP_003040992	peptide deformylase [Francisella tularensis] (removed)
WP_003040995	6,7-dimethyl-8-ribityllumazine synthase [Francisella tularensis]
WP_003040999	3,4-dihydroxy-2-butanone-4-phosphate synthase [Francisella tularensis]
WP_003041003	riboflavin synthase subunit alpha [Francisella tularensis]
WP_003041006	riboflavin biosynthesis protein RibD [Francisella tularensis]
WP_003041015	indolepyruvate decarboxylase [Francisella tularensis]
WP_003041024	acetate kinase [Francisella tularensis]
WP_003041030	NAD-dependent succinate-semialdehyde dehydrogenase [Francisella tularensis]
WP_003041040	glycosyl transferase family 1 [Francisella tularensis]
WP_003041045	hypothetical protein [Francisella tularensis]
WP_003041048	ribonuclease II [Francisella tularensis]
WP_003041055	hydroxymethylbilane synthase [Francisella tularensis]
WP_003041079	peptidase [Francisella tularensis]
WP_003041095	translation factor Sua5 [Francisella tularensis]
WP_003041097	preprotein translocase subunit SecE [Francisella tularensis] (removed)
WP_003041109	MIP (Major intrinsic protein) family permease [Francisella tularensis]
WP_003041112	glycerol-3-phosphate dehydrogenase [Francisella tularensis]
WP_003041114	MFS transporter [Francisella tularensis] (removed)
WP_003041123	ABC transporter ATP-binding protein [Francisella tularensis]
WP_003041126	dipeptide/oligopeptide/nickel ABC transporter ATP-binding protein [Francisella tularensis]
WP_003041130	peptide ABC transporter substrate-binding protein [Francisella tularensis]
WP_003041134	DNA helicase II [Francisella tularensis]
WP_003041142	peptidoglycan-binding protein [Francisella tularensis]
WP_003041145	peptide chain release factor 3 [Francisella tularensis]
WP_003041148	2-deoxyribose-5-phosphate aldolase [Francisella tularensis] (removed)
WP_003041151	DNA polymerase I [Francisella tularensis]
WP_003041158	tetraacyldisaccharide 4'-kinase [Francisella tularensis]
WP_003041161	lipid A export permease/ATP-binding protein MsbA [Francisella tularensis]
WP_003041168	multidrug transporter AcrB [Francisella tularensis]
WP_003041176	MFS transporter [Francisella tularensis]
WP_003041209	hypothetical protein [Francisella tularensis]
WP_003041213	epimerase [Francisella tularensis]
WP_003041231	preprotein translocase subunit SecG [Francisella tularensis]
WP_003041237	phosphoglucosamine mutase [Francisella tularensis]
WP_003041240	dihydrolipoamide succinyltransferase [Francisella tularensis]
WP_003041244	2-oxoglutarate dehydrogenase subunit E1 [Francisella tularensis]
WP_003041254	citrate (Si)-synthase [Francisella tularensis]
WP_003041257	MFS transporter [Francisella tularensis]
WP_003041263	chitinase [Francisella tularensis]
WP_003041274	MFS transporter [Francisella tularensis]
WP_003041277	histidine--tRNA ligase [Francisella tularensis]
WP_003041281	translation initiation factor IF-2 [Francisella tularensis]
WP_003041283	transcription termination/antitermination protein NusA [Francisella tularensis]
WP_003041286	uroporphyrinogen decarboxylase [Francisella tularensis]
WP_003041289	magnesium chelatase [Francisella tularensis]
WP_003041292	NADH-quinone oxidoreductase subunit N [Francisella tularensis]
WP_003041295	NADH-quinone oxidoreductase subunit L [Francisella tularensis]
WP_003041303	NADH-quinone oxidoreductase subunit G [Francisella tularensis]
WP_003041311	NADH dehydrogenase subunit E [Francisella tularensis]
WP_003041313	NADH-quinone oxidoreductase subunit C [Francisella tularensis]
WP_003041342	glutamyl-tRNA(Gln) amidotransferase subunit A [Francisella tularensis]
WP_003041344	glutamyl-tRNA(Gln) amidotransferase subunit C [Francisella tularensis]
WP_003041347	membrane protein [Francisella tularensis]
WP_003041349	hypothetical protein [Francisella tularensis]
WP_003041352	adenylosuccinate lyase [Francisella tularensis]
WP_003041357	galactose mutarotase [Francisella tularensis]
WP_003041364	phosphoribosylformylglycinamidine synthase [Francisella tularensis]
WP_003041366	glutamate decarboxylase [Francisella tularensis]
WP_003041372	U32 family peptidase [Francisella tularensis]
WP_003041384	GTPase ObgE [Francisella tularensis]
WP_003041395	DNA-binding response regulator [Francisella tularensis]
WP_003041398	sensor histidine kinase [Francisella tularensis]
WP_003041399	ATPase [Francisella tularensis]
WP_003041406	potassium-transporting ATPase A chain [Francisella tularensis]
WP_003041408	formate dehydrogenase [Francisella tularensis]
WP_003041448	di-trans,poly-cis-decaprenylcistransferase [Francisella tularensis] (removed)
WP_003041451	30S ribosomal protein S2 [Francisella tularensis]
WP_003041455	dihydrofolate reductase [Francisella tularensis]
WP_003041458	hypothetical protein [Francisella tularensis]
WP_003041472	glutamate--tRNA ligase [Francisella tularensis]
WP_003041481	NAD(P)H nitroreductase [Francisella tularensis]
WP_003041490	valine--tRNA ligase [Francisella tularensis]
WP_003041497	DNA polymerase III subunit chi [Francisella tularensis] (removed)
WP_003041504	hypothetical protein [Francisella tularensis]
WP_003041518	hypothetical protein [Francisella tularensis]
WP_003041521	ATPase AAA [Francisella tularensis]
WP_003041523	hypothetical protein [Francisella tularensis]
WP_003041526	hypothetical protein [Francisella tularensis]
WP_003041529	UDP-3-O-(3-hydroxymyristoyl)glucosamine N-acyltransferase [Francisella tularensis]
WP_003041536	cytochrome bd oxidase subunit I [Francisella tularensis]
WP_003041540	cyclohexadienyl dehydratase [Francisella tularensis]
WP_003041552	NAD(P)H quinone oxidoreductase [Francisella tularensis] (removed)
WP_003041555	hypothetical protein [Francisella tularensis]
WP_003041562	ABC transporter substrate-binding protein [Francisella tularensis]
WP_003041569	hypothetical protein [Francisella tularensis]
WP_003041573	serine permease [Francisella tularensis]
WP_003041577	lipocalin [Francisella tularensis]
WP_003041579	DNA polymerase III subunit delta [Francisella tularensis]
WP_003041582	glutamine synthetase [Francisella tularensis]
WP_003041587	lysine--tRNA ligase [Francisella tularensis] (removed)
WP_003041589	peptide chain release factor 2 [Francisella tularensis]
WP_003041590	DNA polymerase III subunit gamma/tau [Francisella tularensis]
WP_003041796	peptide deformylase [Francisella tularensis] (removed)
WP_003042287	sugar kinase [Francisella tularensis]
WP_003042802	hypothetical protein [Francisella tularensis] (suppressed)
WP_003043247	elongation factor G [Francisella tularensis]
WP_004338933	pyroglutamyl-peptidase I [Francisella tularensis]
WP_004339068	potassium-transporting ATPase subunit B [Francisella tularensis]
WP_004339137	DNA mismatch repair protein MutS [Francisella tularensis]
WP_004339561	membrane protein [Francisella tularensis]
WP_011457527	transcription termination/antitermination factor NusG [Francisella tularensis] (removed)
WP_011648734	chorismate mutase [Francisella tularensis] (suppressed)
WP_011733557	chromosomal replication initiator protein DnaA [Francisella tularensis]
WP_011733562	cation-binding protein [Francisella tularensis]
WP_011733564	type VI secretion system-associated protein [Francisella tularensis]
WP_011733565	hypothetical protein FTN_0043 [Francisella tularensis (suppressed)
WP_011733568	hypothetical protein [Francisella tularensis] (suppressed)
WP_011733570	phosphate acetyltransferase [Francisella tularensis]
WP_011733571	aspartate--tRNA ligase [Francisella tularensis] (removed at submitter's request)
WP_011733574	ABC transporter permease [Francisella tularensis]
WP_011733575	sodium/hydrogen exchanger [Francisella tularensis]
WP_011733577	acyltransferase [Francisella tularensis]
WP_011733579	D-alanine--D-alanine ligase [Francisella tularensis]
WP_011733581	cell division protein FtsA [Francisella tularensis]
WP_011733582	cell division protein FtsZ [Francisella tularensis]
WP_011733584	ABC transporter ATP-binding protein [Francisella tularensis]
WP_011733586	hypothetical protein [Francisella tularensis]
WP_011733587	hypothetical protein [Francisella tularensis]
WP_011733588	MULTISPECIES: 30S ribosomal protein S3 [Francisella]
WP_011733589	hypothetical protein [Francisella tularensis]
WP_011733590	MULTISPECIES: 50S ribosomal protein L31 [Francisella]
WP_011733592	hypothetical protein [Francisella tularensis] (suppressed)
WP_011733594	sodium:proline symporter [Francisella tularensis] (removed at submitter's request)
WP_011733596	cysteine--tRNA ligase [Francisella tularensis]
WP_011733599	ABC transporter [Francisella tularensis]
WP_011733600	CDP-alcohol phosphatidyltransferase [Francisella tularensis] (removed)
WP_011733603	type IV pili fiber building block protein [Francisella tularensis]
WP_011733604	hypothetical protein [Francisella tularensis]
WP_011733605	GGDEF domain-containing protein [Francisella tularensis]
WP_011733606	ubiquinone biosynthesis regulatory protein kinase UbiB [Francisella tularensis]
WP_011733607	hypothetical protein [Francisella tularensis]
WP_011733608	methionine--tRNA ligase [Francisella tularensis] (removed)
WP_011733610	murein transglycosylase [Francisella tularensis] (suppressed)
WP_011733611	membrane protein [Francisella tularensis] (suppressed)
WP_011733612	aspartate-semialdehyde dehydrogenase [Francisella tularensis]
WP_011733614	MFS transporter [Francisella tularensis] (removed)
WP_011733615	phosphoenolpyruvate carboxykinase (ATP) [Francisella tularensis] (removed)
WP_011733616	starvation protein A [Francisella tularensis] (removed)
WP_011733617	LPS-assembly protein LptD [Francisella tularensis]
WP_011733619	phosphoglycolate phosphatase [Francisella tularensis] (removed)
WP_011733622	MFS transporter [Francisella tularensis]
WP_011733623	glycine C-acetyltransferase [Francisella tularensis]
WP_011733625	peptidase M16 [Francisella tularensis]
WP_011733627	MFS transporter [Francisella tularensis]
WP_011733629	carbohydrate kinase [Francisella tularensis] (removed)
WP_011733630	abortive infection protein [Francisella tularensis] (removed)
WP_011733631	DEAD/DEAH box helicase [Francisella tularensis]
WP_011733632	 hypothetical protein [Francisella tularensis] (suppressed)
WP_011733633	hypothetical protein [Francisella tularensis] (suppressed)
WP_011733635	hypothetical protein [Francisella tularensis]
WP_011733639	hypothetical protein [Francisella tularensis] (suppressed)
WP_011733643	hypothetical protein [Francisella tularensis]
WP_011733644	acetoacetate decarboxylase [Francisella tularensis]
WP_011733645	ATP-dependent dethiobiotin synthetase BioD [Francisella tularensis]
WP_011733646	adenosylmethionine--8-amino-7-oxononanoate transaminase [Francisella tularensis] (removed)
WP_011733647	AMP-binding protein [Francisella tularensis]
WP_011733649	aldo/keto reductase [Francisella tularensis]
WP_011733650	carbon-nitrogen hydrolase [Francisella tularensis]
WP_011733651	hypothetical protein [Francisella tularensis] (removed)
WP_011733652	GTP cyclohydrolase [Francisella tularensis] (removed)
WP_011733653	thiazole biosynthesis protein ThiJ [Francisella tularensis] (removed)
WP_011733656	mechanosensitive ion channel protein MscS [Francisella tularensis]
WP_011733659	sugar:cation symporter [Francisella tularensis]
WP_011733661	hypothetical protein [Francisella tularensis] (suppressed)
WP_011733664	pilus assembly protein PilF [Francisella tularensis]
WP_011733665	replicative DNA helicase [Francisella tularensis] (removed)
WP_011733667	hypothetical protein [Francisella tularensis]
WP_011733668	haloacid dehalogenase [Francisella tularensis]
WP_011733672	glutaredoxin [Francisella tularensis]
WP_011733673	GTPase HflX [Francisella tularensis] (removed)
WP_011733675	O-methyltransferase [Francisella tularensis]
WP_011733676	nucleoside triphosphate hydrolase [Francisella tularensis]
WP_011733677	Xaa-Pro aminopeptidase [Francisella tularensis] (removed)
WP_011733678	MFS transporter [Francisella tularensis]
WP_011733680	hypothetical protein [Francisella tularensis]
WP_011733682	hypothetical protein [Francisella tularensis]
WP_011733683	rhodanese [Francisella tularensis]
WP_011733685	hypothetical protein [Francisella tularensis] (removed)
WP_011733686	gamma-glutamyltransferase [Francisella tularensis] (removed)
WP_011733690	5-formyltetrahydrofolate cyclo-ligase [Francisella tularensis] (suppressed)
WP_011733691	hypothetical protein [Francisella tularensis] (suppressed)
WP_011733692	membrane protein [Francisella tularensis] (suppressed)
WP_011733694	MFS transporter [Francisella tularensis]
WP_011733695	molecular chaperone DnaJ [Francisella tularensis] (removed)
WP_011733696	murein transglycosylase [Francisella tularensis] (removed)
WP_011733698	hypothetical protein [Francisella tularensis]
WP_011733699	anhydro-N-acetylmuramic acid kinase [Francisella tularensis] (suppressed)
WP_011733701	exodeoxyribonuclease V subunit alpha [Francisella tularensis] (removed)
WP_011733702	Fe-S metabolism protein SufE [Francisella tularensis] (removed)
WP_011733703	pyridine nucleotide-disulfide oxidoreductase [Francisella tularensis]
WP_011733707	glycosyl transferase [Francisella tularensis]
WP_011733708	epimerase [Francisella tularensis]
WP_011733709	UDP-galactose phosphate transferase [Francisella tularensis] (removed)
WP_011733710	dTDP-glucose 4,6-dehydratase [Francisella tularensis]
WP_011733711	isocitrate dehydrogenase [Francisella tularensis]
WP_011733712	arsenate reductase [Francisella tularensis] (removed)
WP_011733713	hypothetical protein [Francisella tularensis]
WP_011733714	two-component sensor histidine kinase [Francisella tularensis]
WP_011733716	hypothetical protein [Francisella tularensis] (removed)
WP_011733717	glycosyl hydrolase family 3 [Francisella tularensis] (removed)
WP_011733722	peroxide stress protein YaaA [Francisella tularensis]
WP_011733723	DNA-directed RNA polymerase subunit beta [Francisella tularensis]
WP_011733724	signal recognition particle-docking protein FtsY [Francisella tularensis]
WP_011733725	hypothetical protein [Francisella tularensis]
WP_011733726	cytochrome ubiquinol oxidase subunit I [Francisella tularensis]
WP_011733727	NADP transhydrogenase subunit alpha [Francisella tularensis] (removed)
WP_011733728	triose-phosphate isomerase [Francisella tularensis]
WP_011733729	NADH-quinone oxidoreductase subunit F [Francisella tularensis]
WP_011733731	glutamyl-tRNA amidotransferase subunit B [Francisella tularensis] (removed)
WP_011733733	carboxypeptidase M32 [Francisella tularensis]
WP_011733734	hypothetical protein [Francisella tularensis]
